{"cameraMode":{"drawMode":0,"name":"Shaded","section":"Shading Mode"},"sceneLighting":true,"audioPlay":false,"sceneViewState":{"showFog":true,"showMaterialUpdate":false,"showSkybox":true,"showFlares":true,"showImageEffects":true,"showParticleSystems":true},"in2DMode":false,"pivot":{"x":0.5250968933105469,"y":-1.9289226531982422,"z":1.0244169235229493},"rotation":{"x":-0.11043232679367066,"y":0.8826266527175903,"z":-0.25888490676879885,"w":-0.37650173902511599},"size":19.979223251342775,"orthographic":false}