{"cameraMode":{"drawMode":0,"name":"Shaded","section":"Shading Mode"},"sceneLighting":false,"audioPlay":false,"sceneViewState":{"showFog":true,"showMaterialUpdate":false,"showSkybox":true,"showFlares":true,"showImageEffects":true,"showParticleSystems":true},"in2DMode":false,"pivot":{"x":957.6798706054688,"y":536.8370971679688,"z":131.660400390625},"rotation":{"x":-0.08090820163488388,"y":-0.00897035002708435,"z":0.0007281920989044011,"w":-0.9966809153556824},"size":1713.31298828125,"orthographic":true}