{"cameraMode":{"drawMode":0,"name":"Shaded","section":"Shading Mode"},"sceneLighting":false,"audioPlay":false,"sceneViewState":{"showFog":true,"showMaterialUpdate":false,"showSkybox":true,"showFlares":true,"showImageEffects":true,"showParticleSystems":true},"in2DMode":false,"pivot":{"x":-9.071744918823243,"y":2.810255527496338,"z":-13.437999725341797},"rotation":{"x":0.056296080350875857,"y":-0.9421762228012085,"z":0.25954875349998476,"w":0.20437531173229218},"size":19.71320915222168,"orthographic":true}