{"cameraMode":{"drawMode":0,"name":"Shaded","section":"Shading Mode"},"sceneLighting":false,"audioPlay":false,"sceneViewState":{"showFog":true,"showMaterialUpdate":false,"showSkybox":true,"showFlares":true,"showImageEffects":true,"showParticleSystems":true},"in2DMode":false,"pivot":{"x":373.59661865234377,"y":198.01611328125,"z":-524.5},"rotation":{"x":-0.03784526139497757,"y":0.5800004601478577,"z":-0.026989279314875604,"w":-0.8132889270782471},"size":2.6365180015563967,"orthographic":true}