{"cameraMode":{"drawMode":0,"name":"Shaded","section":"Shading Mode"},"sceneLighting":false,"audioPlay":false,"sceneViewState":{"showFog":true,"showMaterialUpdate":false,"showSkybox":true,"showFlares":true,"showImageEffects":true,"showParticleSystems":true},"in2DMode":false,"pivot":{"x":-0.9906563758850098,"y":1.162967562675476,"z":-0.016266509890556337},"rotation":{"x":-0.03707990422844887,"y":0.6898915767669678,"z":-0.035432033240795138,"w":-0.7220937609672546},"size":4.59815788269043,"orthographic":true}