{"cameraMode":{"drawMode":0,"name":"Shaded","section":"Shading Mode"},"sceneLighting":true,"audioPlay":false,"sceneViewState":{"showFog":true,"showMaterialUpdate":false,"showSkybox":true,"showFlares":true,"showImageEffects":true,"showParticleSystems":true},"in2DMode":false,"pivot":{"x":1.7687644958496094,"y":-1.769953727722168,"z":-0.2574491500854492},"rotation":{"x":-0.09550460427999497,"y":0.9026421904563904,"z":-0.26475587487220766,"w":-0.325607568025589},"size":18.33269500732422,"orthographic":false}