{"cameraMode":{"drawMode":0,"name":"Shaded","section":"Shading Mode"},"sceneLighting":false,"audioPlay":false,"sceneViewState":{"showFog":true,"showMaterialUpdate":false,"showSkybox":true,"showFlares":true,"showImageEffects":true,"showParticleSystems":true},"in2DMode":false,"pivot":{"x":860.7151489257813,"y":584.1594848632813,"z":26.320068359375},"rotation":{"x":-0.03629613295197487,"y":0.015586789697408677,"z":-0.0005615534028038383,"w":-0.9992194175720215},"size":2209.59912109375,"orthographic":false}