{"cameraMode":{"drawMode":0,"name":"Shaded","section":"Shading Mode"},"sceneLighting":false,"audioPlay":false,"sceneViewState":{"showFog":true,"showMaterialUpdate":false,"showSkybox":true,"showFlares":true,"showImageEffects":true,"showParticleSystems":true},"in2DMode":false,"pivot":{"x":0.013435840606689453,"y":-2.9241409301757814,"z":-2.163020133972168},"rotation":{"x":0.05681781843304634,"y":-0.9349157214164734,"z":0.30341050028800967,"w":0.1750614494085312},"size":25.6715030670166,"orthographic":false}