{"cameraMode":{"drawMode":0,"name":"Shaded","section":"Shading Mode"},"sceneLighting":false,"audioPlay":false,"sceneViewState":{"showFog":true,"showMaterialUpdate":false,"showSkybox":true,"showFlares":true,"showImageEffects":true,"showParticleSystems":true},"in2DMode":false,"pivot":{"x":0.21093867719173432,"y":1.237649917602539,"z":-1.7575130462646485},"rotation":{"x":-0.003037508577108383,"y":0.9969192743301392,"z":0.050577208399772647,"w":0.059872500598430637},"size":3.847285509109497,"orthographic":false}