{"cameraMode":{"drawMode":0,"name":"Shaded","section":"Shading Mode"},"sceneLighting":false,"audioPlay":false,"sceneViewState":{"showFog":true,"showMaterialUpdate":false,"showSkybox":true,"showFlares":true,"showImageEffects":true,"showParticleSystems":true},"in2DMode":false,"pivot":{"x":-0.03186073154211044,"y":0.48190754652023318,"z":1.0878252983093262},"rotation":{"x":-0.09377000480890274,"y":0.6196808218955994,"z":-0.07491134852170944,"w":-0.775623083114624},"size":22.0,"orthographic":false}