{"cameraMode":{"drawMode":0,"name":"Shaded","section":"Shading Mode"},"sceneLighting":true,"audioPlay":false,"sceneViewState":{"showFog":true,"showMaterialUpdate":false,"showSkybox":true,"showFlares":true,"showImageEffects":true,"showParticleSystems":true},"in2DMode":false,"pivot":{"x":118.543701171875,"y":145.88592529296876,"z":-188.0299072265625},"rotation":{"x":-0.06355088204145432,"y":0.9250869154930115,"z":-0.17868967354297639,"w":-0.3290069103240967},"size":1527.8427734375,"orthographic":false}